Workbook

Sheet Template
I2: 45839
I4: P.A. Number:
I5: DBA Name:
B7: Product Code | C7: Product Description | D7: Product Size | E7: Retail Price | F7: Starting Inventory | G7: Quantity Received | H7: Quantity Sold | I7: Quantity Returned to DABS | J7: Adjustments + / - | K7: Month End Inventory
K8: =SUM(Template!$F8+Template!$G8-Template!$H8-Template!$I8+Template!$J8) -> 0
K9: =SUM(Template!$F9+Template!$G9-Template!$H9-Template!$I9+Template!$J9) -> 0
K10: =SUM(Template!$F10+Template!$G10-Template!$H10-Template!$I10+Template!$J10) -> 0
K11: =SUM(Template!$F11+Template!$G11-Template!$H11-Template!$I11+Template!$J11) -> 0
K12: =SUM(Template!$F12+Template!$G12-Template!$H12-Template!$I12+Template!$J12) -> 0
K13: =SUM(Template!$F13+Template!$G13-Template!$H13-Template!$I13+Template!$J13) -> 0
K14: =SUM(Template!$F14+Template!$G14-Template!$H14-Template!$I14+Template!$J14) -> 0
K15: =SUM(Template!$F15+Template!$G15-Template!$H15-Template!$I15+Template!$J15) -> 0
K16: =SUM(Template!$F16+Template!$G16-Template!$H16-Template!$I16+Template!$J16) -> 0
K17: =SUM(Template!$F17+Template!$G17-Template!$H17-Template!$I17+Template!$J17) -> 0
K18: =SUM(Template!$F18+Template!$G18-Template!$H18-Template!$I18+Template!$J18) -> 0
K19: =SUM(Template!$F19+Template!$G19-Template!$H19-Template!$I19+Template!$J19) -> 0
... K50: =SUM(Template!$F50+Template!$G50-Template!$H50-Template!$I50+Template!$J50) -> 0

Sheet Reporting Periods
A1: Reporting month
A2: 45839
A3: 45870
A4: 45901
A5: 45931
A6: 45962
A7: 45992
A8: 46023
A9: 46054
A10: 46082
A11: 46113
A12: 46143
A13: 46174
... A37: 46905
